"seconds_since_Jan_1_1900","ref_co2_ppm","datetime_utc"
3968956800,457.88,"2025-10-09 00:00:00"
3968957100,452.99,"2025-10-09 00:05:00"
3968957400,452.19,"2025-10-09 00:10:00"
3968957700,455.26,"2025-10-09 00:15:00"
3968958000,455.41,"2025-10-09 00:20:00"
3968958300,455.55,"2025-10-09 00:25:00"
3968958600,454.02,"2025-10-09 00:30:00"
3968958900,455.86,"2025-10-09 00:35:00"
3968959200,455.38,"2025-10-09 00:40:00"
3968959500,456.25,"2025-10-09 00:45:00"
3968959800,462.74,"2025-10-09 00:50:00"
3968960100,466.72,"2025-10-09 00:55:00"
3968960400,461.68,"2025-10-09 01:00:00"
3968960700,461.3,"2025-10-09 01:05:00"
3968961000,461.98,"2025-10-09 01:10:00"
3968961300,468.93,"2025-10-09 01:15:00"
3968961600,474.86,"2025-10-09 01:20:00"
3968961900,471.63,"2025-10-09 01:25:00"
3968962200,469.49,"2025-10-09 01:30:00"
3968962500,464.19,"2025-10-09 01:35:00"
3968962800,463.3,"2025-10-09 01:40:00"
3968963100,462.65000000000003,"2025-10-09 01:45:00"
3968963400,459.45,"2025-10-09 01:50:00"
3968963700,462.01,"2025-10-09 01:55:00"
3968964000,468.84000000000003,"2025-10-09 02:00:00"
3968964300,464.90000000000003,"2025-10-09 02:05:00"
3968964600,463.,"2025-10-09 02:10:00"
3968964900,463.66,"2025-10-09 02:15:00"
3968965200,462.37,"2025-10-09 02:20:00"
3968965500,461.44,"2025-10-09 02:25:00"
3968965800,462.58,"2025-10-09 02:30:00"
3968966100,459.91,"2025-10-09 02:35:00"
3968966400,457.,"2025-10-09 02:40:00"
3968966700,455.86,"2025-10-09 02:45:00"
3968967000,456.06,"2025-10-09 02:50:00"
3968967300,454.86,"2025-10-09 02:55:00"
3968967600,456.08,"2025-10-09 03:00:00"
3968967900,453.48,"2025-10-09 03:05:00"
3968968200,452.99,"2025-10-09 03:10:00"
3968968500,452.93,"2025-10-09 03:15:00"
3968968800,455.52,"2025-10-09 03:20:00"
3968969100,456.68,"2025-10-09 03:25:00"
3968969400,456.81,"2025-10-09 03:30:00"
3968969700,458.85,"2025-10-09 03:35:00"
3968970000,457.31,"2025-10-09 03:40:00"
3968970300,458.37,"2025-10-09 03:45:00"
3968970600,457.01,"2025-10-09 03:50:00"
3968970900,457.45,"2025-10-09 03:55:00"
3968971200,460.99,"2025-10-09 04:00:00"
3968971500,458.25,"2025-10-09 04:05:00"
3968971800,458.75,"2025-10-09 04:10:00"
3968972100,460.77,"2025-10-09 04:15:00"
3968972400,464.33,"2025-10-09 04:20:00"
3968972700,464.24,"2025-10-09 04:25:00"
3968973000,467.28000000000003,"2025-10-09 04:30:00"
3968973300,464.68,"2025-10-09 04:35:00"
3968973600,461.77,"2025-10-09 04:40:00"
3968973900,463.32,"2025-10-09 04:45:00"
3968974200,462.6,"2025-10-09 04:50:00"
3968974500,460.12,"2025-10-09 04:55:00"
3968974800,462.81,"2025-10-09 05:00:00"
3968975100,464.33,"2025-10-09 05:05:00"
3968975400,463.31,"2025-10-09 05:10:00"
3968975700,459.89,"2025-10-09 05:15:00"
3968976000,459.96000000000004,"2025-10-09 05:20:00"
3968976300,462.58,"2025-10-09 05:25:00"
3968976600,466.89,"2025-10-09 05:30:00"
3968976900,469.16,"2025-10-09 05:35:00"
3968977200,464.28000000000003,"2025-10-09 05:40:00"
3968977500,462.74,"2025-10-09 05:45:00"
3968977800,461.63,"2025-10-09 05:50:00"
3968978100,465.02,"2025-10-09 05:55:00"
3968978400,464.78000000000003,"2025-10-09 06:00:00"
3968978700,461.27,"2025-10-09 06:05:00"
3968979000,461.12,"2025-10-09 06:10:00"
3968979300,460.27,"2025-10-09 06:15:00"
3968979600,458.71000000000004,"2025-10-09 06:20:00"
3968979900,459.48,"2025-10-09 06:25:00"
3968980200,457.75,"2025-10-09 06:30:00"
3968980500,454.73,"2025-10-09 06:35:00"
3968980800,451.54,"2025-10-09 06:40:00"
3968981100,451.26,"2025-10-09 06:45:00"
3968981400,450.6,"2025-10-09 06:50:00"
3968981700,449.43,"2025-10-09 06:55:00"
3968982000,450.27,"2025-10-09 07:00:00"
3968982300,452.13,"2025-10-09 07:05:00"
3968982600,454.76,"2025-10-09 07:10:00"
3968982900,455.79,"2025-10-09 07:15:00"
3968983200,457.25,"2025-10-09 07:20:00"
3968983500,458.32,"2025-10-09 07:25:00"
3968983800,458.31,"2025-10-09 07:30:00"
3968984100,458.88,"2025-10-09 07:35:00"
3968984400,461.18,"2025-10-09 07:40:00"
3968984700,463.89,"2025-10-09 07:45:00"
3968985000,461.09000000000003,"2025-10-09 07:50:00"
3968985300,457.74,"2025-10-09 07:55:00"
3968985600,459.25,"2025-10-09 08:00:00"
3968985900,462.22,"2025-10-09 08:05:00"
3968986200,456.89,"2025-10-09 08:10:00"
3968986500,456.7,"2025-10-09 08:15:00"
3968986800,458.25,"2025-10-09 08:20:00"
3968987100,457.19,"2025-10-09 08:25:00"
3968987400,454.01,"2025-10-09 08:30:00"
3968987700,453.54,"2025-10-09 08:35:00"
3968988000,453.78000000000003,"2025-10-09 08:40:00"
3968988300,451.91,"2025-10-09 08:45:00"
3968988600,449.11,"2025-10-09 08:50:00"
3968988900,448.34000000000003,"2025-10-09 08:55:00"
3968989200,449.15000000000003,"2025-10-09 09:00:00"
3968989500,447.24,"2025-10-09 09:05:00"
3968989800,447.90000000000003,"2025-10-09 09:10:00"
3968990100,444.89,"2025-10-09 09:15:00"
3968990400,442.5,"2025-10-09 09:20:00"
3968990700,443.98,"2025-10-09 09:25:00"
3968991000,443.33,"2025-10-09 09:30:00"
3968991300,443.41,"2025-10-09 09:35:00"
3968991600,442.69,"2025-10-09 09:40:00"
3968991900,441.44,"2025-10-09 09:45:00"
3968992200,439.74,"2025-10-09 09:50:00"
3968992500,439.68,"2025-10-09 09:55:00"
3968992800,440.21000000000004,"2025-10-09 10:00:00"
3968993100,440.69,"2025-10-09 10:05:00"
3968993400,442.26,"2025-10-09 10:10:00"
3968993700,443.53000000000003,"2025-10-09 10:15:00"
3968994000,443.29,"2025-10-09 10:20:00"
3968994300,445.24,"2025-10-09 10:25:00"
3968994600,445.89,"2025-10-09 10:30:00"
3968994900,444.66,"2025-10-09 10:35:00"
3968995200,443.72,"2025-10-09 10:40:00"
3968995500,447.38,"2025-10-09 10:45:00"
3968995800,452.28000000000003,"2025-10-09 10:50:00"
3968996100,450.35,"2025-10-09 10:55:00"
3968996400,451.27,"2025-10-09 11:00:00"
3968996700,448.48,"2025-10-09 11:05:00"
3968997000,444.76,"2025-10-09 11:10:00"
3968997300,445.52,"2025-10-09 11:15:00"
3968997600,445.25,"2025-10-09 11:20:00"
3968997900,444.61,"2025-10-09 11:25:00"
3968998200,443.73,"2025-10-09 11:30:00"
3968998500,443.23,"2025-10-09 11:35:00"
3968998800,440.,"2025-10-09 11:40:00"
3968999100,440.56,"2025-10-09 11:45:00"
3968999400,441.87,"2025-10-09 11:50:00"
3968999700,443.24,"2025-10-09 11:55:00"
3969000000,442.56,"2025-10-09 12:00:00"
3969000300,442.64,"2025-10-09 12:05:00"
3969000600,442.31,"2025-10-09 12:10:00"
3969000900,442.82,"2025-10-09 12:15:00"
3969001200,443.,"2025-10-09 12:20:00"
3969001500,443.41,"2025-10-09 12:25:00"
3969001800,443.05,"2025-10-09 12:30:00"
3969002100,441.67,"2025-10-09 12:35:00"
3969002400,439.26,"2025-10-09 12:40:00"
3969002700,438.78000000000003,"2025-10-09 12:45:00"
3969003000,439.94,"2025-10-09 12:50:00"
3969003300,441.65000000000003,"2025-10-09 12:55:00"
3969003600,441.85,"2025-10-09 13:00:00"
3969003900,441.99,"2025-10-09 13:05:00"
3969004200,447.71000000000004,"2025-10-09 13:10:00"
3969004500,450.55,"2025-10-09 13:15:00"
3969004800,452.12,"2025-10-09 13:20:00"
3969005100,452.64,"2025-10-09 13:25:00"
3969005400,447.08,"2025-10-09 13:30:00"
3969005700,442.3,"2025-10-09 13:35:00"
3969006000,442.15000000000003,"2025-10-09 13:40:00"
3969006300,443.02,"2025-10-09 13:45:00"
3969006600,451.35,"2025-10-09 13:50:00"
3969006900,448.94,"2025-10-09 13:55:00"
3969007200,448.2,"2025-10-09 14:00:00"
3969007500,444.04,"2025-10-09 14:05:00"
3969007800,444.23,"2025-10-09 14:10:00"
3969008100,443.37,"2025-10-09 14:15:00"
3969008400,442.12,"2025-10-09 14:20:00"
3969008700,443.24,"2025-10-09 14:25:00"
3969009000,444.23,"2025-10-09 14:30:00"
3969009300,443.79,"2025-10-09 14:35:00"
3969009600,440.56,"2025-10-09 14:40:00"
3969009900,438.05,"2025-10-09 14:45:00"
3969010200,436.69,"2025-10-09 14:50:00"
3969010500,435.2,"2025-10-09 14:55:00"
3969010800,435.67,"2025-10-09 15:00:00"
3969011100,435.72,"2025-10-09 15:05:00"
3969011400,437.59000000000003,"2025-10-09 15:10:00"
3969011700,436.06,"2025-10-09 15:15:00"
3969012000,435.55,"2025-10-09 15:20:00"
3969012300,436.63,"2025-10-09 15:25:00"
3969012600,436.54,"2025-10-09 15:30:00"
3969012900,437.75,"2025-10-09 15:35:00"
3969013200,438.39,"2025-10-09 15:40:00"
3969013500,439.76,"2025-10-09 15:45:00"
3969013800,439.1,"2025-10-09 15:50:00"
3969014100,438.14,"2025-10-09 15:55:00"
3969014400,437.39,"2025-10-09 16:00:00"
3969014700,436.42,"2025-10-09 16:05:00"
3969015000,436.42,"2025-10-09 16:10:00"
3969015300,438.26,"2025-10-09 16:15:00"
3969015600,439.06,"2025-10-09 16:20:00"
3969015900,438.48,"2025-10-09 16:25:00"
3969016200,437.33,"2025-10-09 16:30:00"
3969016500,436.17,"2025-10-09 16:35:00"
3969016800,435.39,"2025-10-09 16:40:00"
3969017100,435.68,"2025-10-09 16:45:00"
3969017400,437.66,"2025-10-09 16:50:00"
3969017700,437.04,"2025-10-09 16:55:00"
3969018000,437.12,"2025-10-09 17:00:00"
3969018300,437.52,"2025-10-09 17:05:00"
3969018600,438.19,"2025-10-09 17:10:00"
3969018900,438.32,"2025-10-09 17:15:00"
3969019200,437.31,"2025-10-09 17:20:00"
3969019500,437.16,"2025-10-09 17:25:00"
3969019800,436.95,"2025-10-09 17:30:00"
3969020100,436.36,"2025-10-09 17:35:00"
3969020400,436.99,"2025-10-09 17:40:00"
3969020700,437.58,"2025-10-09 17:45:00"
3969021000,436.42,"2025-10-09 17:50:00"
3969021300,436.42,"2025-10-09 17:55:00"
3969021600,435.96000000000004,"2025-10-09 18:00:00"
3969021900,435.91,"2025-10-09 18:05:00"
3969022200,436.78000000000003,"2025-10-09 18:10:00"
3969022500,436.91,"2025-10-09 18:15:00"
3969022800,437.24,"2025-10-09 18:20:00"
3969023100,437.79,"2025-10-09 18:25:00"
3969023400,438.54,"2025-10-09 18:30:00"
3969023700,438.98,"2025-10-09 18:35:00"
3969024000,439.92,"2025-10-09 18:40:00"
3969024300,439.08,"2025-10-09 18:45:00"
3969024600,439.15000000000003,"2025-10-09 18:50:00"
3969024900,440.,"2025-10-09 18:55:00"
3969025200,439.94,"2025-10-09 19:00:00"
3969025500,439.96000000000004,"2025-10-09 19:05:00"
3969025800,440.08,"2025-10-09 19:10:00"
3969026100,439.01,"2025-10-09 19:15:00"
3969026400,439.40000000000003,"2025-10-09 19:20:00"
3969026700,439.85,"2025-10-09 19:25:00"
3969027000,439.33,"2025-10-09 19:30:00"
3969027300,439.37,"2025-10-09 19:35:00"
3969027600,440.29,"2025-10-09 19:40:00"
3969027900,440.68,"2025-10-09 19:45:00"
3969028200,441.36,"2025-10-09 19:50:00"
3969028500,442.1,"2025-10-09 19:55:00"
3969028800,446.53000000000003,"2025-10-09 20:00:00"
3969029100,444.02,"2025-10-09 20:05:00"
3969029400,442.05,"2025-10-09 20:10:00"
3969029700,442.09000000000003,"2025-10-09 20:15:00"
3969030000,442.14,"2025-10-09 20:20:00"
3969030300,442.04,"2025-10-09 20:25:00"
3969030600,442.07,"2025-10-09 20:30:00"
3969030900,442.21000000000004,"2025-10-09 20:35:00"
3969031200,441.73,"2025-10-09 20:40:00"
3969031500,442.7,"2025-10-09 20:45:00"
3969031800,443.04,"2025-10-09 20:50:00"
3969032100,442.21000000000004,"2025-10-09 20:55:00"
3969032400,442.21000000000004,"2025-10-09 21:00:00"
3969032700,441.66,"2025-10-09 21:05:00"
3969033000,441.34000000000003,"2025-10-09 21:10:00"
3969033300,441.32,"2025-10-09 21:15:00"
3969033600,440.15000000000003,"2025-10-09 21:20:00"
3969033900,440.17,"2025-10-09 21:25:00"
3969034200,440.6,"2025-10-09 21:30:00"
3969034500,440.22,"2025-10-09 21:35:00"
3969034800,440.76,"2025-10-09 21:40:00"
3969035100,440.61,"2025-10-09 21:45:00"
3969035400,439.91,"2025-10-09 21:50:00"
3969035700,440.16,"2025-10-09 21:55:00"
3969036000,440.05,"2025-10-09 22:00:00"
3969036300,439.33,"2025-10-09 22:05:00"
3969036600,439.55,"2025-10-09 22:10:00"
3969036900,439.57,"2025-10-09 22:15:00"
3969037200,439.66,"2025-10-09 22:20:00"
3969037500,440.77,"2025-10-09 22:25:00"
3969037800,440.45,"2025-10-09 22:30:00"
3969038100,440.39,"2025-10-09 22:35:00"
3969038400,440.58,"2025-10-09 22:40:00"
3969038700,439.69,"2025-10-09 22:45:00"
3969039000,440.46000000000004,"2025-10-09 22:50:00"
3969039300,440.61,"2025-10-09 22:55:00"
3969039600,439.61,"2025-10-09 23:00:00"
3969039900,440.16,"2025-10-09 23:05:00"
3969040200,440.40000000000003,"2025-10-09 23:10:00"
3969040500,440.37,"2025-10-09 23:15:00"
3969040800,440.76,"2025-10-09 23:20:00"
3969041100,440.41,"2025-10-09 23:25:00"
3969041400,440.17,"2025-10-09 23:30:00"
3969041700,440.18,"2025-10-09 23:35:00"
3969042000,440.39,"2025-10-09 23:40:00"
3969042300,440.81,"2025-10-09 23:45:00"
3969042600,441.82,"2025-10-09 23:50:00"
3969042900,443.03000000000003,"2025-10-09 23:55:00"
3969043200,445.29,"2025-10-10 00:00:00"
3969043500,444.62,"2025-10-10 00:05:00"
3969043800,443.94,"2025-10-10 00:10:00"
3969044100,445.99,"2025-10-10 00:15:00"
3969044400,450.82,"2025-10-10 00:20:00"
3969044700,449.25,"2025-10-10 00:25:00"
3969045000,447.41,"2025-10-10 00:30:00"
3969045300,448.01,"2025-10-10 00:35:00"
3969045600,446.69,"2025-10-10 00:40:00"
3969045900,446.42,"2025-10-10 00:45:00"
3969046200,447.57,"2025-10-10 00:50:00"
3969046500,446.12,"2025-10-10 00:55:00"
3969046800,445.32,"2025-10-10 01:00:00"
3969047100,444.58,"2025-10-10 01:05:00"
3969047400,444.3,"2025-10-10 01:10:00"
3969047700,444.38,"2025-10-10 01:15:00"
3969048000,444.19,"2025-10-10 01:20:00"
3969048300,444.51,"2025-10-10 01:25:00"
3969048600,444.22,"2025-10-10 01:30:00"
3969048900,445.40000000000003,"2025-10-10 01:35:00"
3969049200,444.47,"2025-10-10 01:40:00"
3969049500,443.61,"2025-10-10 01:45:00"
3969049800,444.08,"2025-10-10 01:50:00"
3969050100,445.69,"2025-10-10 01:55:00"
3969050400,446.62,"2025-10-10 02:00:00"
3969050700,446.27,"2025-10-10 02:05:00"
3969051000,445.3,"2025-10-10 02:10:00"
3969051300,445.02,"2025-10-10 02:15:00"
3969051600,444.49,"2025-10-10 02:20:00"
3969051900,443.97,"2025-10-10 02:25:00"
3969052200,444.45,"2025-10-10 02:30:00"
3969052500,444.51,"2025-10-10 02:35:00"
3969052800,444.6,"2025-10-10 02:40:00"
3969053100,445.05,"2025-10-10 02:45:00"
3969053400,444.09000000000003,"2025-10-10 02:50:00"
3969053700,444.3,"2025-10-10 02:55:00"
3969054000,444.11,"2025-10-10 03:00:00"
3969054300,444.5,"2025-10-10 03:05:00"
3969054600,444.37,"2025-10-10 03:10:00"
3969054900,443.74,"2025-10-10 03:15:00"
3969055200,444.38,"2025-10-10 03:20:00"
3969055500,444.01,"2025-10-10 03:25:00"
3969055800,443.91,"2025-10-10 03:30:00"
3969056100,444.57,"2025-10-10 03:35:00"
3969056400,444.18,"2025-10-10 03:40:00"
3969056700,444.16,"2025-10-10 03:45:00"
3969057000,444.7,"2025-10-10 03:50:00"
3969057300,445.37,"2025-10-10 03:55:00"
3969057600,445.88,"2025-10-10 04:00:00"
3969057900,445.61,"2025-10-10 04:05:00"
3969058200,445.59000000000003,"2025-10-10 04:10:00"
3969058500,445.55,"2025-10-10 04:15:00"
3969058800,446.35,"2025-10-10 04:20:00"
3969059100,446.49,"2025-10-10 04:25:00"
3969059400,445.88,"2025-10-10 04:30:00"
3969059700,445.46000000000004,"2025-10-10 04:35:00"
3969060000,446.13,"2025-10-10 04:40:00"
3969060300,447.15000000000003,"2025-10-10 04:45:00"
3969060600,447.33,"2025-10-10 04:50:00"
3969060900,447.76,"2025-10-10 04:55:00"
3969061200,448.27,"2025-10-10 05:00:00"
3969061500,448.37,"2025-10-10 05:05:00"
3969061800,447.79,"2025-10-10 05:10:00"
3969062100,449.26,"2025-10-10 05:15:00"
3969062400,452.51,"2025-10-10 05:20:00"
3969062700,452.44,"2025-10-10 05:25:00"
3969063000,452.40000000000003,"2025-10-10 05:30:00"
3969063300,450.92,"2025-10-10 05:35:00"
3969063600,449.79,"2025-10-10 05:40:00"
3969063900,449.51,"2025-10-10 05:45:00"
3969064200,449.19,"2025-10-10 05:50:00"
3969064500,452.47,"2025-10-10 05:55:00"
3969064800,454.58,"2025-10-10 06:00:00"
3969065100,452.64,"2025-10-10 06:05:00"
3969065400,451.52,"2025-10-10 06:10:00"
3969065700,452.74,"2025-10-10 06:15:00"
3969066000,455.3,"2025-10-10 06:20:00"
3969066300,455.47,"2025-10-10 06:25:00"
3969066600,454.54,"2025-10-10 06:30:00"
3969066900,455.74,"2025-10-10 06:35:00"
3969067200,454.88,"2025-10-10 06:40:00"
3969067500,455.45,"2025-10-10 06:45:00"
3969067800,452.73,"2025-10-10 06:50:00"
3969068100,450.66,"2025-10-10 06:55:00"
3969068400,449.98,"2025-10-10 07:00:00"
3969068700,450.08,"2025-10-10 07:05:00"
3969069000,450.15000000000003,"2025-10-10 07:10:00"
3969069300,449.57,"2025-10-10 07:15:00"
3969069600,449.83,"2025-10-10 07:20:00"
3969069900,449.94,"2025-10-10 07:25:00"
3969070200,451.05,"2025-10-10 07:30:00"
3969070500,450.23,"2025-10-10 07:35:00"
3969070800,449.64,"2025-10-10 07:40:00"
3969071100,455.77,"2025-10-10 07:45:00"
3969071400,461.68,"2025-10-10 07:50:00"
3969071700,458.8,"2025-10-10 07:55:00"
3969072000,449.93,"2025-10-10 08:00:00"
3969072300,448.34000000000003,"2025-10-10 08:05:00"
3969072600,448.18,"2025-10-10 08:10:00"
3969072900,447.11,"2025-10-10 08:15:00"
3969073200,449.25,"2025-10-10 08:20:00"
3969073500,456.88,"2025-10-10 08:25:00"
3969073800,453.92,"2025-10-10 08:30:00"
3969074100,451.75,"2025-10-10 08:35:00"
3969074400,451.72,"2025-10-10 08:40:00"
3969074700,451.40000000000003,"2025-10-10 08:45:00"
3969075000,451.22,"2025-10-10 08:50:00"
3969075300,451.44,"2025-10-10 08:55:00"
3969075600,452.19,"2025-10-10 09:00:00"
3969075900,451.09000000000003,"2025-10-10 09:05:00"
3969076200,449.15000000000003,"2025-10-10 09:10:00"
3969076500,447.81,"2025-10-10 09:15:00"
3969076800,447.84000000000003,"2025-10-10 09:20:00"
3969077100,452.49,"2025-10-10 09:25:00"
3969077400,453.54,"2025-10-10 09:30:00"
3969077700,448.75,"2025-10-10 09:35:00"
3969078000,447.28000000000003,"2025-10-10 09:40:00"
3969078300,448.79,"2025-10-10 09:45:00"
3969078600,447.34000000000003,"2025-10-10 09:50:00"
3969078900,447.1,"2025-10-10 09:55:00"
3969079200,447.73,"2025-10-10 10:00:00"
3969079500,444.59000000000003,"2025-10-10 10:05:00"
3969079800,441.81,"2025-10-10 10:10:00"
3969080100,440.07,"2025-10-10 10:15:00"
3969080400,440.83,"2025-10-10 10:20:00"
3969080700,440.44,"2025-10-10 10:25:00"
3969081000,444.41,"2025-10-10 10:30:00"
3969081300,443.03000000000003,"2025-10-10 10:35:00"
3969081600,440.14,"2025-10-10 10:40:00"
3969081900,441.56,"2025-10-10 10:45:00"
3969082200,439.93,"2025-10-10 10:50:00"
3969082500,437.95,"2025-10-10 10:55:00"
3969082800,440.89,"2025-10-10 11:00:00"
3969083100,439.15000000000003,"2025-10-10 11:05:00"
3969083400,442.12,"2025-10-10 11:10:00"
3969083700,440.48,"2025-10-10 11:15:00"
3969084000,439.93,"2025-10-10 11:20:00"
3969084300,437.64,"2025-10-10 11:25:00"
3969084600,436.2,"2025-10-10 11:30:00"
3969084900,436.15000000000003,"2025-10-10 11:35:00"
3969085200,436.91,"2025-10-10 11:40:00"
3969085500,437.12,"2025-10-10 11:45:00"
3969085800,436.73,"2025-10-10 11:50:00"
3969086100,435.68,"2025-10-10 11:55:00"
3969086400,436.16,"2025-10-10 12:00:00"
3969086700,436.85,"2025-10-10 12:05:00"
3969087000,437.35,"2025-10-10 12:10:00"
3969087300,437.26,"2025-10-10 12:15:00"
3969087600,436.51,"2025-10-10 12:20:00"
3969087900,436.81,"2025-10-10 12:25:00"
3969088200,437.39,"2025-10-10 12:30:00"
3969088500,436.79,"2025-10-10 12:35:00"
3969088800,435.69,"2025-10-10 12:40:00"
3969089100,435.85,"2025-10-10 12:45:00"
3969089400,435.6,"2025-10-10 12:50:00"
3969089700,435.90000000000003,"2025-10-10 12:55:00"
3969090000,436.96000000000004,"2025-10-10 13:00:00"
3969090300,437.05,"2025-10-10 13:05:00"
3969090600,436.69,"2025-10-10 13:10:00"
3969090900,437.62,"2025-10-10 13:15:00"
3969091200,436.8,"2025-10-10 13:20:00"
3969091500,437.28000000000003,"2025-10-10 13:25:00"
3969091800,438.23,"2025-10-10 13:30:00"
3969092100,438.43,"2025-10-10 13:35:00"
3969092400,438.84000000000003,"2025-10-10 13:40:00"
3969092700,439.87,"2025-10-10 13:45:00"
3969093000,438.8,"2025-10-10 13:50:00"
3969093300,438.58,"2025-10-10 13:55:00"
3969093600,439.42,"2025-10-10 14:00:00"
3969093900,440.67,"2025-10-10 14:05:00"
3969094200,440.28000000000003,"2025-10-10 14:10:00"
3969094500,439.18,"2025-10-10 14:15:00"
3969094800,437.6,"2025-10-10 14:20:00"
3969095100,437.73,"2025-10-10 14:25:00"
3969095400,437.96000000000004,"2025-10-10 14:30:00"
3969095700,438.96000000000004,"2025-10-10 14:35:00"
3969096000,439.08,"2025-10-10 14:40:00"
3969096300,439.31,"2025-10-10 14:45:00"
3969096600,438.73,"2025-10-10 14:50:00"
3969096900,438.54,"2025-10-10 14:55:00"
3969097200,438.83,"2025-10-10 15:00:00"
3969097500,438.2,"2025-10-10 15:05:00"
3969097800,437.92,"2025-10-10 15:10:00"
3969098100,439.22,"2025-10-10 15:15:00"
3969098400,440.2,"2025-10-10 15:20:00"
3969098700,441.14,"2025-10-10 15:25:00"
3969099000,441.61,"2025-10-10 15:30:00"
3969099300,442.27,"2025-10-10 15:35:00"
3969099600,442.59000000000003,"2025-10-10 15:40:00"
3969099900,443.12,"2025-10-10 15:45:00"
3969100200,444.19,"2025-10-10 15:50:00"
3969100500,445.31,"2025-10-10 15:55:00"
3969100800,449.99,"2025-10-10 16:00:00"
3969101100,452.29,"2025-10-10 16:05:00"
3969101400,447.92,"2025-10-10 16:10:00"
3969101700,446.43,"2025-10-10 16:15:00"
3969102000,445.57,"2025-10-10 16:20:00"
3969102300,443.83,"2025-10-10 16:25:00"
3969102600,443.78000000000003,"2025-10-10 16:30:00"
3969102900,444.62,"2025-10-10 16:35:00"
3969103200,444.15000000000003,"2025-10-10 16:40:00"
3969103500,443.16,"2025-10-10 16:45:00"
3969103800,444.,"2025-10-10 16:50:00"
3969104100,443.45,"2025-10-10 16:55:00"
3969104400,445.68,"2025-10-10 17:00:00"
3969104700,448.01,"2025-10-10 17:05:00"
3969105000,449.93,"2025-10-10 17:10:00"
3969105300,450.7,"2025-10-10 17:15:00"
3969105600,447.62,"2025-10-10 17:20:00"
3969105900,448.62,"2025-10-10 17:25:00"
3969106200,450.54,"2025-10-10 17:30:00"
3969106500,450.19,"2025-10-10 17:35:00"
3969106800,447.57,"2025-10-10 17:40:00"
3969107100,445.44,"2025-10-10 17:45:00"
3969107400,443.68,"2025-10-10 17:50:00"
3969107700,443.44,"2025-10-10 17:55:00"
3969108000,443.92,"2025-10-10 18:00:00"
3969108300,442.59000000000003,"2025-10-10 18:05:00"
3969108600,442.85,"2025-10-10 18:10:00"
3969108900,443.56,"2025-10-10 18:15:00"
3969109200,442.93,"2025-10-10 18:20:00"
3969109500,443.29,"2025-10-10 18:25:00"
3969109800,443.13,"2025-10-10 18:30:00"
3969110100,442.32,"2025-10-10 18:35:00"
3969110400,442.16,"2025-10-10 18:40:00"
3969110700,443.77,"2025-10-10 18:45:00"
3969111000,449.5,"2025-10-10 18:50:00"
3969111300,451.95,"2025-10-10 18:55:00"
3969111600,457.71000000000004,"2025-10-10 19:00:00"
3969111900,452.71000000000004,"2025-10-10 19:05:00"
3969112200,447.87,"2025-10-10 19:10:00"
3969112500,453.42,"2025-10-10 19:15:00"
3969112800,455.43,"2025-10-10 19:20:00"
3969113100,452.91,"2025-10-10 19:25:00"
3969113400,449.26,"2025-10-10 19:30:00"
3969113700,448.71000000000004,"2025-10-10 19:35:00"
3969114000,451.36,"2025-10-10 19:40:00"
3969114300,452.58,"2025-10-10 19:45:00"
3969114600,452.5,"2025-10-10 19:50:00"
3969114900,453.5,"2025-10-10 19:55:00"
3969115200,455.86,"2025-10-10 20:00:00"
3969115500,456.99,"2025-10-10 20:05:00"
3969115800,458.13,"2025-10-10 20:10:00"
3969116100,459.59000000000003,"2025-10-10 20:15:00"
3969116400,459.18,"2025-10-10 20:20:00"
3969116700,460.94,"2025-10-10 20:25:00"
3969117000,462.42,"2025-10-10 20:30:00"
3969117300,464.59000000000003,"2025-10-10 20:35:00"
3969117600,468.64,"2025-10-10 20:40:00"
3969117900,462.2,"2025-10-10 20:45:00"
3969118200,457.18,"2025-10-10 20:50:00"
3969118500,459.44,"2025-10-10 20:55:00"
3969118800,462.88,"2025-10-10 21:00:00"
3969119100,463.97,"2025-10-10 21:05:00"
3969119400,466.78000000000003,"2025-10-10 21:10:00"
3969119700,473.46000000000004,"2025-10-10 21:15:00"
3969120000,469.90000000000003,"2025-10-10 21:20:00"
3969120300,472.64,"2025-10-10 21:25:00"
3969120600,471.73,"2025-10-10 21:30:00"
3969120900,471.06,"2025-10-10 21:35:00"
3969121200,468.51,"2025-10-10 21:40:00"
3969121500,465.03000000000003,"2025-10-10 21:45:00"
3969121800,462.11,"2025-10-10 21:50:00"
3969122100,458.39,"2025-10-10 21:55:00"
3969122400,463.35,"2025-10-10 22:00:00"
3969122700,475.37,"2025-10-10 22:05:00"
3969123000,478.85,"2025-10-10 22:10:00"
3969123300,479.5,"2025-10-10 22:15:00"
3969123600,479.95,"2025-10-10 22:20:00"
3969123900,479.95,"2025-10-10 22:25:00"
3969124200,480.39,"2025-10-10 22:30:00"
3969124500,481.13,"2025-10-10 22:35:00"
3969124800,481.31,"2025-10-10 22:40:00"
3969125100,481.08,"2025-10-10 22:45:00"
3969125400,480.96000000000004,"2025-10-10 22:50:00"
3969125700,480.66,"2025-10-10 22:55:00"
3969126000,480.17,"2025-10-10 23:00:00"
3969126300,479.8,"2025-10-10 23:05:00"
3969126600,479.92,"2025-10-10 23:10:00"
3969126900,480.02,"2025-10-10 23:15:00"
3969127200,479.96000000000004,"2025-10-10 23:20:00"
3969127500,480.02,"2025-10-10 23:25:00"
3969127800,480.3,"2025-10-10 23:30:00"
3969128100,480.09000000000003,"2025-10-10 23:35:00"
3969128400,479.52,"2025-10-10 23:40:00"
3969128700,478.76,"2025-10-10 23:45:00"
3969129000,478.33,"2025-10-10 23:50:00"
3969129300,478.15000000000003,"2025-10-10 23:55:00"
3969129600,477.77,"2025-10-11 00:00:00"
3969129900,477.19,"2025-10-11 00:05:00"
3969130200,476.81,"2025-10-11 00:10:00"
3969130500,476.42,"2025-10-11 00:15:00"
3969130800,476.48,"2025-10-11 00:20:00"
3969131100,476.2,"2025-10-11 00:25:00"
3969131400,475.54,"2025-10-11 00:30:00"
3969131700,474.54,"2025-10-11 00:35:00"
3969132000,473.95,"2025-10-11 00:40:00"
3969132300,473.71000000000004,"2025-10-11 00:45:00"
3969132600,472.79,"2025-10-11 00:50:00"
3969132900,471.47,"2025-10-11 00:55:00"
3969133200,470.45,"2025-10-11 01:00:00"
3969133500,469.39,"2025-10-11 01:05:00"
3969133800,468.88,"2025-10-11 01:10:00"
3969134100,468.04,"2025-10-11 01:15:00"
3969134400,467.52,"2025-10-11 01:20:00"
3969134700,467.35,"2025-10-11 01:25:00"
3969135000,466.91,"2025-10-11 01:30:00"
3969135300,466.98,"2025-10-11 01:35:00"
3969135600,466.97,"2025-10-11 01:40:00"
3969135900,466.38,"2025-10-11 01:45:00"
3969136200,465.81,"2025-10-11 01:50:00"
3969136500,464.97,"2025-10-11 01:55:00"
3969136800,464.63,"2025-10-11 02:00:00"
3969137100,464.94,"2025-10-11 02:05:00"
3969137400,464.36,"2025-10-11 02:10:00"
3969137700,463.69,"2025-10-11 02:15:00"
3969138000,462.63,"2025-10-11 02:20:00"
3969138300,462.01,"2025-10-11 02:25:00"
3969138600,461.37,"2025-10-11 02:30:00"
3969138900,460.92,"2025-10-11 02:35:00"
3969139200,460.56,"2025-10-11 02:40:00"
3969139500,459.87,"2025-10-11 02:45:00"
3969139800,459.11,"2025-10-11 02:50:00"
3969140100,458.51,"2025-10-11 02:55:00"
3969140400,457.89,"2025-10-11 03:00:00"
3969140700,457.25,"2025-10-11 03:05:00"
3969141000,456.69,"2025-10-11 03:10:00"
3969141300,456.21000000000004,"2025-10-11 03:15:00"
3969141600,455.89,"2025-10-11 03:20:00"
3969141900,455.69,"2025-10-11 03:25:00"
3969142200,455.52,"2025-10-11 03:30:00"
3969142500,455.55,"2025-10-11 03:35:00"
3969142800,455.29,"2025-10-11 03:40:00"
3969143100,454.96000000000004,"2025-10-11 03:45:00"
3969143400,454.93,"2025-10-11 03:50:00"
3969143700,455.02,"2025-10-11 03:55:00"
3969144000,455.1,"2025-10-11 04:00:00"
3969144300,454.99,"2025-10-11 04:05:00"
3969144600,454.86,"2025-10-11 04:10:00"
3969144900,454.85,"2025-10-11 04:15:00"
3969145200,454.95,"2025-10-11 04:20:00"
3969145500,454.91,"2025-10-11 04:25:00"
3969145800,455.11,"2025-10-11 04:30:00"
3969146100,455.2,"2025-10-11 04:35:00"
3969146400,455.25,"2025-10-11 04:40:00"
3969146700,455.77,"2025-10-11 04:45:00"
3969147000,456.3,"2025-10-11 04:50:00"
3969147300,456.76,"2025-10-11 04:55:00"
3969147600,456.7,"2025-10-11 05:00:00"
3969147900,456.64,"2025-10-11 05:05:00"
3969148200,456.51,"2025-10-11 05:10:00"
3969148500,456.69,"2025-10-11 05:15:00"
3969148800,457.23,"2025-10-11 05:20:00"
3969149100,457.75,"2025-10-11 05:25:00"
3969149400,458.38,"2025-10-11 05:30:00"
3969149700,459.3,"2025-10-11 05:35:00"
3969150000,459.90000000000003,"2025-10-11 05:40:00"
3969150300,460.58,"2025-10-11 05:45:00"
3969150600,461.05,"2025-10-11 05:50:00"
3969150900,461.54,"2025-10-11 05:55:00"
3969151200,463.14,"2025-10-11 06:00:00"
3969151500,464.54,"2025-10-11 06:05:00"
3969151800,461.96000000000004,"2025-10-11 06:10:00"
3969152100,459.19,"2025-10-11 06:15:00"
3969152400,456.92,"2025-10-11 06:20:00"
3969152700,456.41,"2025-10-11 06:25:00"
3969153000,457.95,"2025-10-11 06:30:00"
3969153300,459.66,"2025-10-11 06:35:00"
3969153600,459.39,"2025-10-11 06:40:00"
3969153900,457.48,"2025-10-11 06:45:00"
3969154200,455.85,"2025-10-11 06:50:00"
3969154500,453.23,"2025-10-11 06:55:00"
3969154800,449.91,"2025-10-11 07:00:00"
3969155100,449.56,"2025-10-11 07:05:00"
3969155400,453.68,"2025-10-11 07:10:00"
3969155700,453.13,"2025-10-11 07:15:00"
3969156000,451.61,"2025-10-11 07:20:00"
3969156300,448.6,"2025-10-11 07:25:00"
3969156600,447.41,"2025-10-11 07:30:00"
3969156900,446.09000000000003,"2025-10-11 07:35:00"
3969157200,445.95,"2025-10-11 07:40:00"
3969157500,445.79,"2025-10-11 07:45:00"
3969157800,448.86,"2025-10-11 07:50:00"
3969158100,449.13,"2025-10-11 07:55:00"
3969158400,446.11,"2025-10-11 08:00:00"
3969158700,445.56,"2025-10-11 08:05:00"
3969159000,445.71000000000004,"2025-10-11 08:10:00"
3969159300,444.04,"2025-10-11 08:15:00"
3969159600,443.96000000000004,"2025-10-11 08:20:00"
3969159900,441.73,"2025-10-11 08:25:00"
3969160200,441.62,"2025-10-11 08:30:00"
3969160500,443.45,"2025-10-11 08:35:00"
3969160800,439.90000000000003,"2025-10-11 08:40:00"
3969161100,439.12,"2025-10-11 08:45:00"
3969161400,439.35,"2025-10-11 08:50:00"
3969161700,438.65000000000003,"2025-10-11 08:55:00"
3969162000,438.69,"2025-10-11 09:00:00"
3969162300,437.98,"2025-10-11 09:05:00"
3969162600,439.27,"2025-10-11 09:10:00"
3969162900,440.09000000000003,"2025-10-11 09:15:00"
3969163200,440.96000000000004,"2025-10-11 09:20:00"
3969163500,440.38,"2025-10-11 09:25:00"
3969163800,442.82,"2025-10-11 09:30:00"
3969164100,439.66,"2025-10-11 09:35:00"
3969164400,438.48,"2025-10-11 09:40:00"
3969164700,439.1,"2025-10-11 09:45:00"
3969165000,440.03000000000003,"2025-10-11 09:50:00"
3969165300,441.02,"2025-10-11 09:55:00"
3969165600,439.81,"2025-10-11 10:00:00"
3969165900,441.17,"2025-10-11 10:05:00"
3969166200,439.02,"2025-10-11 10:10:00"
3969166500,437.94,"2025-10-11 10:15:00"
3969166800,438.65000000000003,"2025-10-11 10:20:00"
3969167100,440.97,"2025-10-11 10:25:00"
3969167400,443.55,"2025-10-11 10:30:00"
3969167700,442.07,"2025-10-11 10:35:00"
3969168000,441.01,"2025-10-11 10:40:00"
3969168300,438.38,"2025-10-11 10:45:00"
3969168600,436.61,"2025-10-11 10:50:00"
3969168900,436.83,"2025-10-11 10:55:00"
3969169200,438.17,"2025-10-11 11:00:00"
3969169500,438.26,"2025-10-11 11:05:00"
3969169800,437.61,"2025-10-11 11:10:00"
3969170100,437.1,"2025-10-11 11:15:00"
3969170400,437.68,"2025-10-11 11:20:00"
3969170700,437.07,"2025-10-11 11:25:00"
3969171000,438.67,"2025-10-11 11:30:00"
3969171300,441.09000000000003,"2025-10-11 11:35:00"
3969171600,440.64,"2025-10-11 11:40:00"
3969171900,440.38,"2025-10-11 11:45:00"
3969172200,437.49,"2025-10-11 11:50:00"
3969172500,436.05,"2025-10-11 11:55:00"
3969172800,435.95,"2025-10-11 12:00:00"
3969173100,436.93,"2025-10-11 12:05:00"
3969173400,437.68,"2025-10-11 12:10:00"
3969173700,437.19,"2025-10-11 12:15:00"
3969174000,437.62,"2025-10-11 12:20:00"
3969174300,437.42,"2025-10-11 12:25:00"
3969174600,436.16,"2025-10-11 12:30:00"
3969174900,436.05,"2025-10-11 12:35:00"
3969175200,435.6,"2025-10-11 12:40:00"
3969175500,437.63,"2025-10-11 12:45:00"
3969175800,441.45,"2025-10-11 12:50:00"
3969176100,437.6,"2025-10-11 12:55:00"
3969176400,437.40000000000003,"2025-10-11 13:00:00"
3969176700,437.42,"2025-10-11 13:05:00"
3969177000,437.1,"2025-10-11 13:10:00"
3969177300,437.83,"2025-10-11 13:15:00"
3969177600,437.5,"2025-10-11 13:20:00"
3969177900,436.7,"2025-10-11 13:25:00"
3969178200,441.04,"2025-10-11 13:30:00"
3969178500,438.75,"2025-10-11 13:35:00"
3969178800,438.07,"2025-10-11 13:40:00"
3969179100,439.63,"2025-10-11 13:45:00"
3969179400,438.25,"2025-10-11 13:50:00"
3969179700,437.87,"2025-10-11 13:55:00"
3969180000,437.6,"2025-10-11 14:00:00"
3969180300,437.99,"2025-10-11 14:05:00"
3969180600,437.64,"2025-10-11 14:10:00"
3969180900,437.35,"2025-10-11 14:15:00"
3969181200,436.44,"2025-10-11 14:20:00"
3969181500,437.22,"2025-10-11 14:25:00"
3969181800,438.33,"2025-10-11 14:30:00"
3969182100,438.83,"2025-10-11 14:35:00"
3969182400,439.3,"2025-10-11 14:40:00"
3969182700,439.8,"2025-10-11 14:45:00"
3969183000,439.98,"2025-10-11 14:50:00"
3969183300,439.40000000000003,"2025-10-11 14:55:00"
3969183600,437.7,"2025-10-11 15:00:00"
3969183900,438.99,"2025-10-11 15:05:00"
3969184200,438.53000000000003,"2025-10-11 15:10:00"
3969184500,439.16,"2025-10-11 15:15:00"
3969184800,437.77,"2025-10-11 15:20:00"
3969185100,437.97,"2025-10-11 15:25:00"
3969185400,437.90000000000003,"2025-10-11 15:30:00"
3969185700,438.5,"2025-10-11 15:35:00"
3969186000,438.8,"2025-10-11 15:40:00"
3969186300,440.87,"2025-10-11 15:45:00"
3969186600,441.,"2025-10-11 15:50:00"
3969186900,439.15000000000003,"2025-10-11 15:55:00"
3969187200,439.71000000000004,"2025-10-11 16:00:00"
3969187500,440.27,"2025-10-11 16:05:00"
3969187800,439.66,"2025-10-11 16:10:00"
3969188100,439.46000000000004,"2025-10-11 16:15:00"
3969188400,439.48,"2025-10-11 16:20:00"
3969188700,439.33,"2025-10-11 16:25:00"
3969189000,438.94,"2025-10-11 16:30:00"
3969189300,438.87,"2025-10-11 16:35:00"
3969189600,439.99,"2025-10-11 16:40:00"
3969189900,441.27,"2025-10-11 16:45:00"
3969190200,445.71000000000004,"2025-10-11 16:50:00"
3969190500,444.49,"2025-10-11 16:55:00"
3969190800,441.90000000000003,"2025-10-11 17:00:00"
3969191100,443.58,"2025-10-11 17:05:00"
3969191400,444.82,"2025-10-11 17:10:00"
3969191700,444.98,"2025-10-11 17:15:00"
3969192000,445.19,"2025-10-11 17:20:00"
3969192300,445.42,"2025-10-11 17:25:00"
3969192600,445.67,"2025-10-11 17:30:00"
3969192900,445.94,"2025-10-11 17:35:00"
3969193200,445.8,"2025-10-11 17:40:00"
3969193500,446.04,"2025-10-11 17:45:00"
3969193800,446.46000000000004,"2025-10-11 17:50:00"
3969194100,446.69,"2025-10-11 17:55:00"
3969194400,447.,"2025-10-11 18:00:00"
3969194700,447.38,"2025-10-11 18:05:00"
3969195000,447.35,"2025-10-11 18:10:00"
3969195300,447.44,"2025-10-11 18:15:00"
3969195600,447.33,"2025-10-11 18:20:00"
3969195900,447.08,"2025-10-11 18:25:00"
3969196200,447.06,"2025-10-11 18:30:00"
3969196500,447.17,"2025-10-11 18:35:00"
3969196800,447.43,"2025-10-11 18:40:00"
3969197100,447.87,"2025-10-11 18:45:00"
3969197400,448.27,"2025-10-11 18:50:00"
3969197700,448.31,"2025-10-11 18:55:00"
3969198000,448.24,"2025-10-11 19:00:00"
3969198300,448.38,"2025-10-11 19:05:00"
3969198600,449.12,"2025-10-11 19:10:00"
3969198900,449.93,"2025-10-11 19:15:00"
3969199200,450.53000000000003,"2025-10-11 19:20:00"
3969199500,451.69,"2025-10-11 19:25:00"
3969199800,453.34000000000003,"2025-10-11 19:30:00"
3969200100,454.47,"2025-10-11 19:35:00"
3969200400,455.93,"2025-10-11 19:40:00"
3969200700,457.96000000000004,"2025-10-11 19:45:00"
3969201000,459.73,"2025-10-11 19:50:00"
3969201300,460.29,"2025-10-11 19:55:00"
3969201600,459.46000000000004,"2025-10-11 20:00:00"
3969201900,459.84000000000003,"2025-10-11 20:05:00"
3969202200,460.09000000000003,"2025-10-11 20:10:00"
3969202500,459.92,"2025-10-11 20:15:00"
3969202800,459.33,"2025-10-11 20:20:00"
3969203100,459.72,"2025-10-11 20:25:00"
3969203400,461.41,"2025-10-11 20:30:00"
3969203700,462.24,"2025-10-11 20:35:00"
3969204000,461.7,"2025-10-11 20:40:00"
3969204300,462.48,"2025-10-11 20:45:00"
3969204600,462.08,"2025-10-11 20:50:00"
3969204900,462.82,"2025-10-11 20:55:00"
3969205200,463.6,"2025-10-11 21:00:00"
3969205500,464.25,"2025-10-11 21:05:00"
3969205800,463.89,"2025-10-11 21:10:00"
3969206100,463.32,"2025-10-11 21:15:00"
3969206400,463.40000000000003,"2025-10-11 21:20:00"
3969206700,463.09000000000003,"2025-10-11 21:25:00"
3969207000,463.24,"2025-10-11 21:30:00"
3969207300,463.71000000000004,"2025-10-11 21:35:00"
3969207600,464.02,"2025-10-11 21:40:00"
3969207900,464.64,"2025-10-11 21:45:00"
3969208200,464.34000000000003,"2025-10-11 21:50:00"
3969208500,464.19,"2025-10-11 21:55:00"
3969208800,464.15000000000003,"2025-10-11 22:00:00"
3969209100,464.07,"2025-10-11 22:05:00"
3969209400,463.91,"2025-10-11 22:10:00"
3969209700,464.02,"2025-10-11 22:15:00"
3969210000,464.62,"2025-10-11 22:20:00"
3969210300,465.33,"2025-10-11 22:25:00"
3969210600,466.07,"2025-10-11 22:30:00"
3969210900,466.31,"2025-10-11 22:35:00"
3969211200,466.58,"2025-10-11 22:40:00"
3969211500,467.08,"2025-10-11 22:45:00"
3969211800,467.37,"2025-10-11 22:50:00"
3969212100,468.01,"2025-10-11 22:55:00"
3969212400,468.77,"2025-10-11 23:00:00"
3969212700,469.33,"2025-10-11 23:05:00"
3969213000,469.61,"2025-10-11 23:10:00"
3969213300,469.56,"2025-10-11 23:15:00"
3969213600,469.47,"2025-10-11 23:20:00"
3969213900,469.5,"2025-10-11 23:25:00"
3969214200,470.09000000000003,"2025-10-11 23:30:00"
3969214500,470.51,"2025-10-11 23:35:00"
3969214800,470.81,"2025-10-11 23:40:00"
3969215100,471.16,"2025-10-11 23:45:00"
3969215400,471.62,"2025-10-11 23:50:00"
3969215700,471.8,"2025-10-11 23:55:00"
3969216000,472.15000000000003,"2025-10-12 00:00:00"
3969216300,472.84000000000003,"2025-10-12 00:05:00"
3969216600,474.18,"2025-10-12 00:10:00"
3969216900,475.42,"2025-10-12 00:15:00"
3969217200,476.97,"2025-10-12 00:20:00"
3969217500,478.5,"2025-10-12 00:25:00"
3969217800,479.40000000000003,"2025-10-12 00:30:00"
3969218100,480.27,"2025-10-12 00:35:00"
3969218400,481.16,"2025-10-12 00:40:00"
3969218700,482.06,"2025-10-12 00:45:00"
3969219000,482.85,"2025-10-12 00:50:00"
3969219300,483.29,"2025-10-12 00:55:00"
3969219600,483.37,"2025-10-12 01:00:00"
3969219900,483.37,"2025-10-12 01:05:00"
3969220200,483.39,"2025-10-12 01:10:00"
3969220500,483.66,"2025-10-12 01:15:00"
3969220800,484.25,"2025-10-12 01:20:00"
3969221100,484.95,"2025-10-12 01:25:00"
3969221400,485.62,"2025-10-12 01:30:00"
3969221700,486.32,"2025-10-12 01:35:00"
3969222000,486.75,"2025-10-12 01:40:00"
3969222300,487.41,"2025-10-12 01:45:00"
3969222600,488.58,"2025-10-12 01:50:00"
3969222900,489.86,"2025-10-12 01:55:00"
3969223200,490.82,"2025-10-12 02:00:00"
3969223500,491.45,"2025-10-12 02:05:00"
3969223800,491.37,"2025-10-12 02:10:00"
3969224100,490.79,"2025-10-12 02:15:00"
3969224400,490.6,"2025-10-12 02:20:00"
3969224700,490.55,"2025-10-12 02:25:00"
3969225000,490.38,"2025-10-12 02:30:00"
3969225300,490.26,"2025-10-12 02:35:00"
3969225600,490.5,"2025-10-12 02:40:00"
3969225900,490.59000000000003,"2025-10-12 02:45:00"
3969226200,490.41,"2025-10-12 02:50:00"
3969226500,490.3,"2025-10-12 02:55:00"
3969226800,490.01,"2025-10-12 03:00:00"
3969227100,489.61,"2025-10-12 03:05:00"
3969227400,489.14,"2025-10-12 03:10:00"
3969227700,488.7,"2025-10-12 03:15:00"
3969228000,488.48,"2025-10-12 03:20:00"
3969228300,488.29,"2025-10-12 03:25:00"
3969228600,488.36,"2025-10-12 03:30:00"
3969228900,488.77,"2025-10-12 03:35:00"
3969229200,489.34000000000003,"2025-10-12 03:40:00"
3969229500,489.86,"2025-10-12 03:45:00"
3969229800,490.18,"2025-10-12 03:50:00"
3969230100,490.56,"2025-10-12 03:55:00"
3969230400,490.89,"2025-10-12 04:00:00"
3969230700,491.14,"2025-10-12 04:05:00"
3969231000,491.28000000000003,"2025-10-12 04:10:00"
3969231300,491.36,"2025-10-12 04:15:00"
3969231600,491.26,"2025-10-12 04:20:00"
3969231900,490.97,"2025-10-12 04:25:00"
3969232200,490.59000000000003,"2025-10-12 04:30:00"
3969232500,490.23,"2025-10-12 04:35:00"
3969232800,489.99,"2025-10-12 04:40:00"
3969233100,489.83,"2025-10-12 04:45:00"
3969233400,489.56,"2025-10-12 04:50:00"
3969233700,489.27,"2025-10-12 04:55:00"
3969234000,489.09000000000003,"2025-10-12 05:00:00"
3969234300,488.85,"2025-10-12 05:05:00"
3969234600,488.75,"2025-10-12 05:10:00"
3969234900,488.64,"2025-10-12 05:15:00"
3969235200,488.11,"2025-10-12 05:20:00"
3969235500,487.51,"2025-10-12 05:25:00"
3969235800,487.47,"2025-10-12 05:30:00"
3969236100,487.45,"2025-10-12 05:35:00"
3969236400,487.07,"2025-10-12 05:40:00"
3969236700,486.36,"2025-10-12 05:45:00"
3969237000,485.63,"2025-10-12 05:50:00"
3969237300,485.11,"2025-10-12 05:55:00"
3969237600,486.,"2025-10-12 06:00:00"
3969237900,490.75,"2025-10-12 06:05:00"
3969238200,487.8,"2025-10-12 06:10:00"
3969238500,486.78000000000003,"2025-10-12 06:15:00"
3969238800,487.93,"2025-10-12 06:20:00"
3969239100,492.66,"2025-10-12 06:25:00"
3969239400,492.51,"2025-10-12 06:30:00"
3969239700,489.91,"2025-10-12 06:35:00"
3969240000,487.5,"2025-10-12 06:40:00"
3969240300,480.67,"2025-10-12 06:45:00"
3969240600,479.91,"2025-10-12 06:50:00"
3969240900,481.16,"2025-10-12 06:55:00"
3969241200,480.73,"2025-10-12 07:00:00"
3969241500,481.11,"2025-10-12 07:05:00"
3969241800,481.34000000000003,"2025-10-12 07:10:00"
3969242100,478.54,"2025-10-12 07:15:00"
3969242400,478.55,"2025-10-12 07:20:00"
3969242700,479.35,"2025-10-12 07:25:00"
3969243000,483.31,"2025-10-12 07:30:00"
3969243300,482.09000000000003,"2025-10-12 07:35:00"
3969243600,479.86,"2025-10-12 07:40:00"
3969243900,478.69,"2025-10-12 07:45:00"
3969244200,479.63,"2025-10-12 07:50:00"
3969244500,478.27,"2025-10-12 07:55:00"
3969244800,477.11,"2025-10-12 08:00:00"
3969245100,474.72,"2025-10-12 08:05:00"
3969245400,471.51,"2025-10-12 08:10:00"
3969245700,468.68,"2025-10-12 08:15:00"
3969246000,468.54,"2025-10-12 08:20:00"
3969246300,470.29,"2025-10-12 08:25:00"
3969246600,471.63,"2025-10-12 08:30:00"
3969246900,475.11,"2025-10-12 08:35:00"
3969247200,477.5,"2025-10-12 08:40:00"
3969247500,478.11,"2025-10-12 08:45:00"
3969247800,477.27,"2025-10-12 08:50:00"
3969248100,476.01,"2025-10-12 08:55:00"
3969248400,478.54,"2025-10-12 09:00:00"
3969248700,472.63,"2025-10-12 09:05:00"
3969249000,470.64,"2025-10-12 09:10:00"
3969249300,465.85,"2025-10-12 09:15:00"
3969249600,459.89,"2025-10-12 09:20:00"
3969249900,455.27,"2025-10-12 09:25:00"
3969250200,454.04,"2025-10-12 09:30:00"
3969250500,458.37,"2025-10-12 09:35:00"
3969250800,456.63,"2025-10-12 09:40:00"
3969251100,455.79,"2025-10-12 09:45:00"
3969251400,453.72,"2025-10-12 09:50:00"
3969251700,450.78000000000003,"2025-10-12 09:55:00"
3969252000,448.90000000000003,"2025-10-12 10:00:00"
3969252300,448.53000000000003,"2025-10-12 10:05:00"
3969252600,447.1,"2025-10-12 10:10:00"
3969252900,445.89,"2025-10-12 10:15:00"
3969253200,453.85,"2025-10-12 10:20:00"
3969253500,457.32,"2025-10-12 10:25:00"
3969253800,454.28000000000003,"2025-10-12 10:30:00"
3969254100,452.6,"2025-10-12 10:35:00"
3969254400,451.79,"2025-10-12 10:40:00"
3969254700,447.29,"2025-10-12 10:45:00"
3969255000,448.14,"2025-10-12 10:50:00"
3969255300,447.75,"2025-10-12 10:55:00"
3969255600,451.64,"2025-10-12 11:00:00"
3969255900,452.61,"2025-10-12 11:05:00"
3969256200,452.79,"2025-10-12 11:10:00"
3969256500,450.32,"2025-10-12 11:15:00"
3969256800,449.40000000000003,"2025-10-12 11:20:00"
3969257100,449.46000000000004,"2025-10-12 11:25:00"
3969257400,450.58,"2025-10-12 11:30:00"
3969257700,450.63,"2025-10-12 11:35:00"
3969258000,451.43,"2025-10-12 11:40:00"
3969258300,453.49,"2025-10-12 11:45:00"
3969258600,450.28000000000003,"2025-10-12 11:50:00"
3969258900,449.19,"2025-10-12 11:55:00"
3969259200,448.96000000000004,"2025-10-12 12:00:00"
3969259500,450.,"2025-10-12 12:05:00"
3969259800,450.58,"2025-10-12 12:10:00"
3969260100,450.91,"2025-10-12 12:15:00"
3969260400,452.08,"2025-10-12 12:20:00"
3969260700,451.76,"2025-10-12 12:25:00"
3969261000,450.02,"2025-10-12 12:30:00"
3969261300,451.23,"2025-10-12 12:35:00"
3969261600,451.33,"2025-10-12 12:40:00"
3969261900,450.75,"2025-10-12 12:45:00"
3969262200,452.05,"2025-10-12 12:50:00"
3969262500,450.86,"2025-10-12 12:55:00"
3969262800,448.91,"2025-10-12 13:00:00"
3969263100,449.72,"2025-10-12 13:05:00"
3969263400,449.07,"2025-10-12 13:10:00"
3969263700,447.08,"2025-10-12 13:15:00"
3969264000,447.02,"2025-10-12 13:20:00"
3969264300,447.47,"2025-10-12 13:25:00"
3969264600,446.65000000000003,"2025-10-12 13:30:00"
3969264900,447.08,"2025-10-12 13:35:00"
3969265200,447.76,"2025-10-12 13:40:00"
3969265500,447.46000000000004,"2025-10-12 13:45:00"
3969265800,449.90000000000003,"2025-10-12 13:50:00"
3969266100,448.1,"2025-10-12 13:55:00"
3969266400,449.1,"2025-10-12 14:00:00"
3969266700,449.09000000000003,"2025-10-12 14:05:00"
3969267000,447.89,"2025-10-12 14:10:00"
3969267300,447.75,"2025-10-12 14:15:00"
3969267600,447.87,"2025-10-12 14:20:00"
3969267900,446.37,"2025-10-12 14:25:00"
3969268200,447.2,"2025-10-12 14:30:00"
3969268500,446.66,"2025-10-12 14:35:00"
3969268800,447.28000000000003,"2025-10-12 14:40:00"
3969269100,445.89,"2025-10-12 14:45:00"
3969269400,446.83,"2025-10-12 14:50:00"
3969269700,448.99,"2025-10-12 14:55:00"
3969270000,446.09000000000003,"2025-10-12 15:00:00"
3969270300,445.19,"2025-10-12 15:05:00"
3969270600,445.72,"2025-10-12 15:10:00"
3969270900,446.7,"2025-10-12 15:15:00"
3969271200,445.78000000000003,"2025-10-12 15:20:00"
3969271500,445.34000000000003,"2025-10-12 15:25:00"
3969271800,444.98,"2025-10-12 15:30:00"
3969272100,445.53000000000003,"2025-10-12 15:35:00"
3969272400,446.71000000000004,"2025-10-12 15:40:00"
3969272700,446.75,"2025-10-12 15:45:00"
3969273000,446.02,"2025-10-12 15:50:00"
3969273300,445.85,"2025-10-12 15:55:00"
3969273600,446.09000000000003,"2025-10-12 16:00:00"
3969273900,446.19,"2025-10-12 16:05:00"
3969274200,446.64,"2025-10-12 16:10:00"
3969274500,447.41,"2025-10-12 16:15:00"
3969274800,447.40000000000003,"2025-10-12 16:20:00"
3969275100,447.97,"2025-10-12 16:25:00"
3969275400,449.03000000000003,"2025-10-12 16:30:00"
3969275700,449.58,"2025-10-12 16:35:00"
3969276000,449.87,"2025-10-12 16:40:00"
3969276300,449.7,"2025-10-12 16:45:00"
3969276600,449.47,"2025-10-12 16:50:00"
3969276900,449.52,"2025-10-12 16:55:00"
3969277200,451.12,"2025-10-12 17:00:00"
3969277500,457.,"2025-10-12 17:05:00"
3969277800,458.24,"2025-10-12 17:10:00"
3969278100,458.51,"2025-10-12 17:15:00"
3969278400,458.94,"2025-10-12 17:20:00"
3969278700,459.81,"2025-10-12 17:25:00"
3969279000,459.97,"2025-10-12 17:30:00"
3969279300,460.,"2025-10-12 17:35:00"
3969279600,460.3,"2025-10-12 17:40:00"
3969279900,460.83,"2025-10-12 17:45:00"
3969280200,461.09000000000003,"2025-10-12 17:50:00"
3969280500,460.90000000000003,"2025-10-12 17:55:00"
3969280800,461.17,"2025-10-12 18:00:00"
3969281100,460.87,"2025-10-12 18:05:00"
3969281400,461.1,"2025-10-12 18:10:00"
3969281700,461.03000000000003,"2025-10-12 18:15:00"
3969282000,460.39,"2025-10-12 18:20:00"
3969282300,460.12,"2025-10-12 18:25:00"
3969282600,460.66,"2025-10-12 18:30:00"
3969282900,460.40000000000003,"2025-10-12 18:35:00"
3969283200,459.6,"2025-10-12 18:40:00"
3969283500,459.11,"2025-10-12 18:45:00"
3969283800,458.88,"2025-10-12 18:50:00"
3969284100,458.54,"2025-10-12 18:55:00"
3969284400,458.36,"2025-10-12 19:00:00"
3969284700,457.90000000000003,"2025-10-12 19:05:00"
3969285000,456.06,"2025-10-12 19:10:00"
3969285300,454.59000000000003,"2025-10-12 19:15:00"
3969285600,453.69,"2025-10-12 19:20:00"
3969285900,453.27,"2025-10-12 19:25:00"
3969286200,453.07,"2025-10-12 19:30:00"
3969286500,452.83,"2025-10-12 19:35:00"
3969286800,452.55,"2025-10-12 19:40:00"
3969287100,452.37,"2025-10-12 19:45:00"
3969287400,452.28000000000003,"2025-10-12 19:50:00"
3969287700,452.25,"2025-10-12 19:55:00"
3969288000,452.18,"2025-10-12 20:00:00"
3969288300,452.05,"2025-10-12 20:05:00"
3969288600,452.03000000000003,"2025-10-12 20:10:00"
3969288900,451.94,"2025-10-12 20:15:00"
3969289200,451.74,"2025-10-12 20:20:00"
3969289500,451.55,"2025-10-12 20:25:00"
3969289800,451.39,"2025-10-12 20:30:00"
3969290100,451.22,"2025-10-12 20:35:00"
3969290400,451.08,"2025-10-12 20:40:00"
3969290700,451.09000000000003,"2025-10-12 20:45:00"
3969291000,451.11,"2025-10-12 20:50:00"
3969291300,450.85,"2025-10-12 20:55:00"
3969291600,450.63,"2025-10-12 21:00:00"
3969291900,450.53000000000003,"2025-10-12 21:05:00"
3969292200,450.23,"2025-10-12 21:10:00"
3969292500,449.95,"2025-10-12 21:15:00"
3969292800,449.57,"2025-10-12 21:20:00"
3969293100,449.46000000000004,"2025-10-12 21:25:00"
3969293400,449.36,"2025-10-12 21:30:00"
3969293700,449.17,"2025-10-12 21:35:00"
3969294000,449.14,"2025-10-12 21:40:00"
3969294300,449.16,"2025-10-12 21:45:00"
3969294600,449.06,"2025-10-12 21:50:00"
3969294900,448.98,"2025-10-12 21:55:00"
3969295200,448.51,"2025-10-12 22:00:00"
3969295500,446.47,"2025-10-12 22:05:00"
3969295800,446.87,"2025-10-12 22:10:00"
3969296100,447.21000000000004,"2025-10-12 22:15:00"
3969296400,447.11,"2025-10-12 22:20:00"
3969296700,447.74,"2025-10-12 22:25:00"
3969297000,447.97,"2025-10-12 22:30:00"
3969297300,447.87,"2025-10-12 22:35:00"
3969297600,447.63,"2025-10-12 22:40:00"
3969297900,447.66,"2025-10-12 22:45:00"
3969298200,447.52,"2025-10-12 22:50:00"
3969298500,447.74,"2025-10-12 22:55:00"
